item_id,name,category,location_id,quantity,unit,vendor,catalog_no,lot,received,expires,status,last_verified,verified_by,owner,source,photo_id,notes
itm-00001,Plastic graduated cylinders,glassware,209-CAB-01,,,,,,,,unverified,2021-08-29,,,legacy-xlsx,,
itm-00002,Plastic boxes to hold sample tubes,consumable,209-CAB-02,,,,,,,,present,2026-08-06,maddybernstein,,legacy-xlsx,,
itm-00003,"Qubit RNA and DNA buffer, qubit assay tubes, DNA/RNA dye",equipment,209-DRW-03,,,,,,,,unverified,2021-08-29,,,legacy-xlsx,,
itm-00004,Syringes and needles,consumable,209-DRW-04,,,,,,,,unverified,2021-08-29,,,legacy-xlsx,,
itm-00005,Shaker supplies,equipment,209-DRW-05,,,,,,,,unverified,2021-08-29,,,legacy-xlsx,,
itm-00006,Kason 0067 stainless steel shelf clip for -80C freezer,equipment,209-DRW-05,,,,,,,,unverified,2021-08-29,,,legacy-xlsx,,
itm-00007,vacuum-releasing paddles for -80°C,tool,209-DRW-05,,,,,,,,unverified,2021-08-29,,,legacy-xlsx,,
itm-00008,Protective eyewear,other,209-DRW-06,,,,,,,,unverified,2021-08-29,,,legacy-xlsx,,
itm-00009,zip ties,tool,209-DRW-06,,,,,,,,unverified,2021-08-29,,,legacy-xlsx,,
itm-00010,tape,office,209-DRW-06,,,,,,,,unverified,2021-08-29,,,legacy-xlsx,,
itm-00011,nail polish,other,209-DRW-06,,,,,,,,unverified,2021-08-29,,,legacy-xlsx,,
itm-00012,Teflon tape,office,209-DRW-06,,,,,,,,unverified,2021-08-29,,,legacy-xlsx,,
itm-00013,paintbrush,tool,209-DRW-06,,,,,,,,unverified,2021-08-29,,,legacy-xlsx,,
itm-00014,timer,tool,209-DRW-06,,,,,,,,unverified,2021-08-29,,,legacy-xlsx,,
itm-00015,cell screen (10 mesh),tool,209-DRW-06,,,,,,,,unverified,2021-08-29,,,legacy-xlsx,,
itm-00016,switchblade,tool,209-DRW-06,,,,,,,,unverified,2021-08-29,,,legacy-xlsx,,
itm-00017,sunglasses,other,209-DRW-06,,,,,,,,unverified,2021-08-29,,,legacy-xlsx,,
itm-00018,notepad,office,209-DRW-06,,,,,,,,unverified,2021-08-29,,,legacy-xlsx,,
itm-00019,set of keys,tool,209-DRW-06,,,,,,,,unverified,2021-08-29,,,legacy-xlsx,,
itm-00020,red light bulb,equipment,209-DRW-06,,,,,,,,unverified,2021-08-29,,,legacy-xlsx,,
itm-00021,siphon,tool,209-DRW-06,,,,,,,,unverified,2021-08-29,,,legacy-xlsx,,
itm-00022,Small tools drawer: 0.2 um (25 mm diameter) filters,tool,209-DRW-07,,,,,,,,unverified,2021-08-29,,,legacy-xlsx,,
itm-00023,glass cellometers,equipment,209-DRW-07,,,,,,,,unverified,2021-08-29,,,legacy-xlsx,,
itm-00024,1 scalpel handle (3),tool,209-DRW-07,,,,,,,,unverified,2021-08-29,,,legacy-xlsx,,
itm-00025,small scissors,tool,209-DRW-07,,,,,,,,unverified,2021-08-29,,,legacy-xlsx,,
itm-00026,tweezers,tool,209-DRW-07,,,,,,,,unverified,2021-08-29,,,legacy-xlsx,,
itm-00027,shucking tools,tool,209-DRW-07,,,,,,,,unverified,2021-08-29,,,legacy-xlsx,,
itm-00028,probe,tool,209-DRW-07,,,,,,,,unverified,2021-08-29,,,legacy-xlsx,,
itm-00029,labratory scoop,tool,209-DRW-07,,,,,,,,unverified,2021-08-29,,,legacy-xlsx,,
itm-00030,long handle micro scoop/spatulas,tool,209-DRW-07,,,,,,,,unverified,2021-08-29,,,legacy-xlsx,,
itm-00031,handheld motorized pestle homogenizer,equipment,209-DRW-07,,,,,,,,unverified,2021-08-29,,,legacy-xlsx,,
itm-00032,dissection plates,consumable,209-DRW-08,,,,,,,,unverified,2021-08-29,,,legacy-xlsx,,
itm-00033,Plastic boxes to hold sample tubes,consumable,209-CAB-09,,,,,,,,present,2026-08-06,maddybernstein,,legacy-xlsx,,
itm-00034,Plastic bottles,glassware,209-CAB-10,,,,,,,,unverified,2021-08-29,,,legacy-xlsx,,
itm-00035,plastic containers,consumable,209-CAB-10,,,,,,,,unverified,2021-08-29,,,legacy-xlsx,,
itm-00036,2000mL flask,glassware,209-CAB-10,,,,,,,,missing,2026-08-06,maddybernstein,,legacy-xlsx,,
itm-00037,paper and plastic boxes to hold sample tubes,consumable,209-CAB-10,,,,,,,,unverified,2021-08-29,,,legacy-xlsx,,
itm-00038,Electrophoresis supplies,other,209-CAB-11,,,,,,,,unverified,2021-08-29,,,legacy-xlsx,,
itm-00039,Electrophoresis supplies,other,209-CAB-12,,,,,,,,unverified,2021-08-29,,,legacy-xlsx,,
itm-00040,Large bottle brushes,glassware,209-CAB-13,,,,,,,,unverified,2021-08-29,,,legacy-xlsx,,
itm-00041,Pipet parts,consumable,209-CAB-15,,,,,,,,present,2026-08-06,maddybernstein,,legacy-xlsx,,
itm-00042,repeater pipets,equipment,209-CAB-15,,,,,,,,present,2026-08-06,maddybernstein,,legacy-xlsx,,
itm-00043,serological pipettors,equipment,209-CAB-15,,,,,,,,present,2026-08-06,maddybernstein,,legacy-xlsx,,
itm-00044,Serological pipets,consumable,209-CAB-16,,,,,,,,unverified,2021-08-29,,,legacy-xlsx,,
itm-00045,Sam's drawer,other,209-DRW-17,,,,,,,,unverified,2021-08-29,,,legacy-xlsx,,
itm-00046,Hot plate pads? (there are large mesh squares w/ a white circle in the middle. unsure what they are),equipment,209-DRW-18,,,,,,,,unverified,2021-08-29,,,legacy-xlsx,,
itm-00047,Centrifuge bottles,glassware,209-DRW-19,,,,,,,,unverified,2021-08-29,,,legacy-xlsx,,
itm-00048,centrifuge tubes,equipment,209-DRW-19,,,,,,,,unverified,2021-08-29,,,legacy-xlsx,,
itm-00049,Miscellaneous handbooks and manuals,office,209-DRW-20,,,,,,,,unverified,2021-08-29,,,legacy-xlsx,,
itm-00050,Histology cassettes,consumable,209-DRW-21,,,,,,,,unverified,2021-08-29,,,legacy-xlsx,,
itm-00051,microscope glass cover slips,glassware,209-DRW-21,,,,,,,,unverified,2021-08-29,,,legacy-xlsx,,
itm-00052,coverwell incubation chambers PC50 and PC200,consumable,209-DRW-21,,,,,,,,unverified,2021-08-29,,,legacy-xlsx,,
itm-00053,wheaton ribbed glass jars in same box as incubation chambers *unsure what these are*,glassware,209-DRW-21,,,,,,,,unverified,2021-08-29,,,legacy-xlsx,,
itm-00054,Extra keyboards,equipment,209-CAB-27,,,,,,,,unverified,2021-08-29,,,legacy-xlsx,,
itm-00055,nintendo,other,209-CAB-27,,,,,,,,unverified,2021-08-29,,,legacy-xlsx,,
itm-00056,computer mouse,equipment,209-CAB-27,,,,,,,,unverified,2021-08-29,,,legacy-xlsx,,
itm-00057,bowling supplies,other,209-CAB-27,,,,,,,,unverified,2021-08-29,,,legacy-xlsx,,
itm-00058,White-out,office,209-DRW-28,,,,,,,,unverified,2021-08-29,,,legacy-xlsx,,
itm-00059,staples,office,209-DRW-28,,,,,,,,unverified,2021-08-29,,,legacy-xlsx,,
itm-00060,glue stick,office,209-DRW-28,,,,,,,,unverified,2021-08-29,,,legacy-xlsx,,
itm-00061,statmark pens,office,209-DRW-28,,,,,,,,unverified,2021-08-29,,,legacy-xlsx,,
itm-00062,green flag post-its,office,209-DRW-28,,,,,,,,unverified,2021-08-29,,,legacy-xlsx,,
itm-00063,invisible tape,office,209-DRW-28,,,,,,,,unverified,2021-08-29,,,legacy-xlsx,,
itm-00064,pens,office,209-DRW-28,,,,,,,,unverified,2021-08-29,,,legacy-xlsx,,
itm-00065,pencils,office,209-DRW-28,,,,,,,,unverified,2021-08-29,,,legacy-xlsx,,
itm-00066,sharpies,office,209-DRW-28,,,,,,,,unverified,2021-08-29,,,legacy-xlsx,,
itm-00067,scissors,tool,209-DRW-28,,,,,,,,unverified,2021-08-29,,,legacy-xlsx,,
itm-00068,tacks,office,209-DRW-28,,,,,,,,unverified,2021-08-29,,,legacy-xlsx,,
itm-00069,paper clips,office,209-DRW-28,,,,,,,,unverified,2021-08-29,,,legacy-xlsx,,
itm-00070,batteries,consumable,209-DRW-28,,,,,,,,unverified,2021-08-29,,,legacy-xlsx,,
itm-00071,Lab logo stickers,office,209-DRW-28,,,,,,,,unverified,2021-08-29,,,legacy-xlsx,,
itm-00072,All-weather copier paper,office,209-DRW-31,,,,,,,,unverified,2021-08-29,,,legacy-xlsx,,
itm-00073,mini composition notebooks,office,209-DRW-31,,,,,,,,unverified,2021-08-29,,,legacy-xlsx,,
itm-00074,high gloss photo paper,office,209-DRW-31,,,,,,,,unverified,2021-08-29,,,legacy-xlsx,,
itm-00075,file folders,office,209-DRW-31,,,,,,,,unverified,2021-08-29,,,legacy-xlsx,,
itm-00076,tube labels - 20 sheets (cat: 89097-572),consumable,209-DRW-31,,,,,,,,unverified,2021-08-29,,,legacy-xlsx,,
itm-00077,Tough Spots tube labels,consumable,209-DRW-31,,,,,,,,unverified,2021-08-29,,,legacy-xlsx,,
itm-00078,"Tough-Spots, 3/8"" diameter, white, on sheets (cat: 9185-1000)",office,209-DRW-31,,,,,,,,unverified,2021-08-29,,,legacy-xlsx,,
itm-00079,business card paper,office,209-DRW-31,,,,,,,,unverified,2021-08-29,,,legacy-xlsx,,
itm-00080,command strips,consumable,209-DRW-31,,,,,,,,unverified,2021-08-29,,,legacy-xlsx,,
itm-00081,Printer paper,office,209-DRW-33,,,,,,,,unverified,2021-08-29,,,legacy-xlsx,,
itm-00082,laser lables,other,209-DRW-33,,,,,,,,unverified,2021-08-29,,,legacy-xlsx,,
itm-00083,Scientific calculator,office,209-DRW-34,,,,,,,,unverified,2021-08-29,,,legacy-xlsx,,
itm-00084,empty google notebook,office,209-DRW-34,,,,,,,,unverified,2021-08-29,,,legacy-xlsx,,
itm-00085,graph paper on clipboard,office,209-DRW-34,,,,,,,,unverified,2021-08-29,,,legacy-xlsx,,
itm-00086,paper/plastic report covers,office,209-DRW-34,,,,,,,,unverified,2021-08-29,,,legacy-xlsx,,
itm-00087,EZNA mollusc dna kit product manual,office,209-DRW-34,,,,,,,,unverified,2021-08-29,,,legacy-xlsx,,
itm-00088,tissue FIX container (50mL) manual,office,209-DRW-34,,,,,,,,unverified,2021-08-29,,,legacy-xlsx,,
itm-00089,Mostly empty composition notebook (only first 3 pages used),office,209-DRW-35,,,,,,,,unverified,2021-08-29,,,legacy-xlsx,,
itm-00090,DNeasy blood and tissue handbook,office,209-DRW-35,,,,,,,,unverified,2021-08-29,,,legacy-xlsx,,
itm-00091,800mL commode collection container,consumable,209-DRW-37,,,,,,,,unverified,2021-08-29,,,legacy-xlsx,,
itm-00092,Glass bottles,glassware,209-CAB-38,,,,,,,,unverified,2021-08-29,,,legacy-xlsx,,
itm-00093,Glass bottles,glassware,209-CAB-39,,,,,,,,unverified,2021-08-29,,,legacy-xlsx,,
itm-00094,plastic bottles,glassware,209-CAB-39,,,,,,,,unverified,2021-08-29,,,legacy-xlsx,,
itm-00095,overflow flasks,glassware,209-CAB-39,,,,,,,,unverified,2021-08-29,,,legacy-xlsx,,
itm-00096,Standard PCR plates,consumable,209-DRW-40,,,,,,,,unverified,2021-08-29,,,legacy-xlsx,,
itm-00097,Standard PCR caps,consumable,209-DRW-40,,,,,,,,unverified,2021-08-29,,,legacy-xlsx,,
itm-00098,aluminum adhesive PCR plate seal,consumable,209-DRW-40,,,,,,,,unverified,2021-08-29,,,legacy-xlsx,,
itm-00099,qPCR plates,consumable,209-DRW-41,,,,,,,,unverified,2021-08-29,,,legacy-xlsx,,
itm-00100,qPCR caps,consumable,209-DRW-41,,,,,,,,unverified,2021-08-29,,,legacy-xlsx,,
itm-00101,Multichannel pipettes,consumable,209-DRW-42,,,,,,,,unverified,2021-08-29,,,legacy-xlsx,,
itm-00102,Tube magnets,equipment,209-DRW-43,,,,,,,,unverified,2021-08-29,,,legacy-xlsx,,
itm-00103,DynaMag,equipment,209-DRW-43,,,,,,,,unverified,2021-08-29,,,legacy-xlsx,,
itm-00104,epimag magnetic separator,equipment,209-DRW-43,,,,,,,,unverified,2021-08-29,,,legacy-xlsx,,
itm-00105,nucleomag SEP,equipment,209-DRW-43,,,,,,,,unverified,2021-08-29,,,legacy-xlsx,,
itm-00106,PCR tubes,consumable,209-DRW-44,,,,,,,,unverified,2021-08-29,,,legacy-xlsx,,
itm-00107,Weigh boats,glassware,209-DRW-45,,,,,,,,unverified,2021-08-29,,,legacy-xlsx,,
itm-00108,weigh paper,glassware,209-DRW-45,,,,,,,,unverified,2021-08-29,,,legacy-xlsx,,
itm-00109,stir bars,tool,209-DRW-45,,,,,,,,unverified,2021-08-29,,,legacy-xlsx,,
itm-00110,funnels,tool,209-DRW-45,,,,,,,,unverified,2021-08-29,,,legacy-xlsx,,
itm-00111,Mettler Toledo titration electrode DGi115-SC,equipment,209-DRW-46,,,,,,,,unverified,2021-08-29,,,legacy-xlsx,,
itm-00112,thermometer,tool,209-DRW-46,2,,,,,,,unverified,2021-08-29,,,legacy-xlsx,,
itm-00113,empty thermometer cases,tool,209-DRW-46,3,,,,,,,unverified,2021-08-29,,,legacy-xlsx,,
itm-00114,Glass filter supplies,consumable,209-DRW-47,,,,,,,,unverified,2021-08-29,,,legacy-xlsx,,
itm-00115,"3"" W.S. Tyler U.S. Standard Sieve - Stainless steel frame/mesh, No. 635 - 0.020mm opening, full height",tool,209-DRW-47,,,,,,,,unverified,2021-08-29,,,legacy-xlsx,,
itm-00116,"PluriSelect 1um, 3um, 5um, 8um filters",consumable,209-DRW-47,,,,,,,,unverified,2021-08-29,,,legacy-xlsx,,
itm-00117,Flasks,glassware,209-CAB-48,,,,,,,,unverified,2021-08-29,,,legacy-xlsx,,
itm-00118,Flasks,glassware,209-CAB-49,,,,,,,,present,2026-08-06,maddybernstein,,legacy-xlsx,,
itm-00119,100mL beakers,glassware,209-CAB-49,,,,,,,,present,2026-08-06,maddybernstein,,legacy-xlsx,,
itm-00120,250 mL beakers,glassware,209-CAB-49,,,,,,,,present,2026-08-06,maddybernstein,,legacy-xlsx,,
itm-00121,600 mL beakers,glassware,209-CAB-49,,,,,,,,present,2026-08-06,maddybernstein,,legacy-xlsx,,
itm-00122,1000 mL beaker,glassware,209-CAB-49,,,,,,,,present,2026-08-06,maddybernstein,,legacy-xlsx,,
itm-00123,Protein supplies,other,209-CAB-50,,,,,,,,unverified,2021-08-29,,,legacy-xlsx,,
itm-00124,blotting paper,office,209-CAB-50,,,,,,,,unverified,2021-08-29,,,legacy-xlsx,,
itm-00125,Mass spec autosampler vials,consumable,209-CAB-50,,,,,,,,unverified,2021-08-29,,,legacy-xlsx,,
itm-00126,1-200uL gel loading pipet tips,consumable,209-CAB-51,,,,,,,,unverified,2021-08-29,,,legacy-xlsx,,
itm-00127,disposable cuvettes,glassware,209-CAB-51,,,,,,,,unverified,2021-08-29,,,legacy-xlsx,,
itm-00128,10% acetic acid,reagent,209-CAB-51,,,,,,,,unverified,2021-08-29,,,legacy-xlsx,,
itm-00129,coomassie stain,reagent,209-CAB-51,,,,,,,,unverified,2021-08-29,,,legacy-xlsx,,
itm-00130,E-Gel starter pak,other,209-CAB-51,,,,,,,,unverified,2021-08-29,,,legacy-xlsx,,
itm-00131,ProBond purification system,other,209-CAB-51,,,,,,,,unverified,2021-08-29,,,legacy-xlsx,,
itm-00132,"macrospin columns (50-450uL loading, 30-300ug capacity)",consumable,209-CAB-51,,,,,,,,unverified,2021-08-29,,,legacy-xlsx,,
itm-00133,large blotting paper,office,209-CAB-51,,,,,,,,unverified,2021-08-29,,,legacy-xlsx,,
itm-00134,orange clips,other,209-CAB-51,,,,,,,,unverified,2021-08-29,,,legacy-xlsx,,
itm-00135,Proline algae food,media,209-CAB-52,,,,,,,,unverified,2021-08-29,,,legacy-xlsx,,
itm-00136,pro-culture,other,209-CAB-52,,,,,,,,unverified,2021-08-29,,,legacy-xlsx,,
itm-00137,distilled water,reagent,209-CAB-52,,,,,,,,unverified,2021-08-29,,,legacy-xlsx,,
itm-00138,hand soap,other,209-CAB-52,,,,,,,,unverified,2021-08-29,,,legacy-xlsx,,
itm-00139,Bleach,other,209-CAB-53,,,,,,,,unverified,2021-08-29,,,legacy-xlsx,,
itm-00140,bottle brushes,glassware,209-CAB-53,,,,,,,,unverified,2021-08-29,,,legacy-xlsx,,
itm-00141,water level alarms,reagent,209-CAB-53,2,,,,,,,unverified,2021-08-29,,,legacy-xlsx,,
itm-00142,saltwater master test kit,kit,209-CAB-53,,,,,,,,unverified,2021-08-29,,,legacy-xlsx,,
itm-00143,Chemicals,other,209-CAB-54,,,,,,,,unverified,2021-08-29,,,legacy-xlsx,,
itm-00144,paper towels,office,209-CAB-54,,,,,,,,unverified,2021-08-29,,,legacy-xlsx,,
itm-00145,tips,consumable,209-CAB-54,,,,,,,,unverified,2021-08-29,,,legacy-xlsx,,
itm-00146,syringes,consumable,209-CAB-54,,,,,,,,unverified,2021-08-29,,,legacy-xlsx,,
itm-00147,Serological pipets,consumable,209-CAB-55,,,,,,,,unverified,2021-08-29,,,legacy-xlsx,,
itm-00148,chemicals,other,209-CAB-55,,,,,,,,unverified,2021-08-29,,,legacy-xlsx,,
itm-00149,syringes,consumable,209-CAB-55,,,,,,,,unverified,2021-08-29,,,legacy-xlsx,,
itm-00150,"Upper: empty. Lower: histology blocks x2 (one completely empty, one with samples inside)",sample,213-CAB-01,,,,,,,,unverified,2021-08-29,,,legacy-xlsx,,
itm-00151,"Upper: histology slide cases. Lower: histology block x1 (empty), empty histology cassettes",consumable,213-CAB-02,,,,,,,,unverified,2021-08-29,,,legacy-xlsx,,
itm-00152,Used notebooks,office,213-DRW-16,,,,,,,,unverified,2021-08-29,,,legacy-xlsx,,
itm-00153,Notes,other,213-DRW-17,,,,,,,,unverified,2021-08-29,,,legacy-xlsx,,
itm-00154,"eDNA, gDNA, & cDNA samples, Primer stocks, misc. samples",sample,213-DRW-27,,,,,,,,unverified,2021-08-29,,,legacy-xlsx,,Small freezer
itm-00155,Strip cap trays,consumable,213-DRW-28,,,,,,,,unverified,2021-08-29,,,legacy-xlsx,,
itm-00156,falcon tube holders,consumable,213-DRW-28,,,,,,,,unverified,2021-08-29,,,legacy-xlsx,,
itm-00157,Keyboard,equipment,213-DRW-29,,,,,,,,unverified,2021-08-29,,,legacy-xlsx,,
itm-00158,Acids,other,213-CAB-32,,,,,,,,unverified,2021-08-29,,,legacy-xlsx,,
itm-00159,Acids,other,213-CAB-33,,,,,,,,unverified,2021-08-29,,,legacy-xlsx,,
itm-00160,2 filled hazardous waste containers,consumable,213-CAB-35,,,,,,,,unverified,2021-08-29,,,legacy-xlsx,,
itm-00161,One complete snapzoom,other,213-DRW-36,,,,,,,,unverified,2021-08-29,,,legacy-xlsx,,
itm-00162,one snapzoom missing actual device,other,213-DRW-36,,,,,,,,unverified,2021-08-29,,,legacy-xlsx,,
itm-00163,one empty histology slide box,consumable,213-DRW-36,,,,,,,,unverified,2021-08-29,,,legacy-xlsx,,
itm-00164,2 phone attachments for microscope,equipment,213-DRW-36,,,,,,,,unverified,2021-08-29,,,legacy-xlsx,,
itm-00165,old iphone,other,213-DRW-36,,,,,,,,unverified,2021-08-29,,,legacy-xlsx,,
itm-00166,iphone lightning-USB cable,other,213-DRW-36,,,,,,,,unverified,2021-08-29,,,legacy-xlsx,,
itm-00167,empty tube box with cell counting equipment inside,consumable,213-DRW-36,,,,,,,,unverified,2021-08-29,,,legacy-xlsx,,
itm-00168,Plain capillary tubes,consumable,213-DRW-37,,,,,,,,unverified,2021-08-29,,,legacy-xlsx,,
itm-00169,weigh boats,glassware,213-DRW-37,,,,,,,,unverified,2021-08-29,,,legacy-xlsx,,
itm-00170,optical lens cleaner,other,213-DRW-37,,,,,,,,unverified,2021-08-29,,,legacy-xlsx,,
itm-00171,falcon 7 mL pipette,consumable,213-DRW-37,,,,,,,,unverified,2021-08-29,,,legacy-xlsx,,
itm-00172,"50 mL conical tube labeled ""MTPW""",consumable,213-DRW-37,,,,,,,,unverified,2021-08-29,,,legacy-xlsx,,
itm-00173,Microscope bulb and lenses,equipment,213-DRW-40,,,,,,,,unverified,2021-08-29,,,legacy-xlsx,,
itm-00174,cover glass,other,213-DRW-40,,,,,,,,unverified,2021-08-29,,,legacy-xlsx,,
itm-00175,hemacytometer,other,213-DRW-40,,,,,,,,unverified,2021-08-29,,,legacy-xlsx,,
itm-00176,counting chamber,other,213-DRW-40,,,,,,,,unverified,2021-08-29,,,legacy-xlsx,,
itm-00177,Wolfgang puck automatic one-touch food packaging system,media,213-DRW-42,,,,,,,,unverified,2021-08-29,,,legacy-xlsx,,
itm-00178,Plastic bags,consumable,213-DRW-43,,,,,,,,unverified,2021-08-29,,,legacy-xlsx,,
itm-00179,Salad spinner,other,213-CAB-44,,,,,,,,unverified,2021-08-29,,,legacy-xlsx,,
itm-00180,styrofoam containers,consumable,213-CAB-44,,,,,,,,unverified,2021-08-29,,,legacy-xlsx,,
itm-00181,Ethanol,reagent,213-CAB-45,,,,,,,,unverified,2021-08-29,,,legacy-xlsx,,
itm-00182,whiteboard cleaning spray,other,213-CAB-45,,,,,,,,unverified,2021-08-29,,,legacy-xlsx,,
itm-00183,bleach,other,213-CAB-45,,,,,,,,unverified,2021-08-29,,,legacy-xlsx,,
itm-00184,another salad spinner,other,213-CAB-45,,,,,,,,unverified,2021-08-29,,,legacy-xlsx,,
itm-00185,Olivia's Drawer: multichannel pipette + random things for microplate assays + nail polish+ white out+ ruler + flash drive + graduated cylinder,glassware,213-DRW-46,,,,,,,,unverified,2021-08-29,,,legacy-xlsx,,
itm-00186,? lots of random parts from the brand HOBO,other,213-DRW-47,,,,,,,,unverified,2021-08-29,,,legacy-xlsx,,
itm-00187,Digital heater temperature control,other,213-DRW-48,4,,,,,,,unverified,2021-08-29,,,legacy-xlsx,,
itm-00188,Equipment manuals,office,213-DRW-49,,,,,,,,unverified,2021-08-29,,,legacy-xlsx,,
itm-00189,Digital heater temperature control,other,213-DRW-50,4,,,,,,,unverified,2021-08-29,,,legacy-xlsx,,
itm-00190,Weight boats (large and small),other,213-DRW-51,,,,,,,,unverified,2021-08-29,,,legacy-xlsx,,
itm-00191,victorinox knife,other,213-DRW-51,,,,,,,,unverified,2021-08-29,,,legacy-xlsx,,
itm-00192,green sheet,other,213-DRW-51,,,,,,,,unverified,2021-08-29,,,legacy-xlsx,,
itm-00193,"One pair of black, rubber cleaning gloves",consumable,213-DRW-52,,,,,,,,unverified,2021-08-29,,,legacy-xlsx,,
itm-00194,3 pairs of grey rockland guard gloves,consumable,213-DRW-52,,,,,,,,unverified,2021-08-29,,,legacy-xlsx,,
itm-00195,one pair gardening gloves,consumable,213-DRW-52,,,,,,,,unverified,2021-08-29,,,legacy-xlsx,,
itm-00196,microfiber towels,other,213-DRW-52,,,,,,,,unverified,2021-08-29,,,legacy-xlsx,,
itm-00197,Cardboard trays (like what you would get at a fast food restaurant),media,213-DRW-53,,,,,,,,unverified,2021-08-29,,,legacy-xlsx,,
itm-00198,Glass fiber filters (25 mm) Type A/E,consumable,213-DRW-54,,,,,,,,unverified,2021-08-29,,,legacy-xlsx,,
itm-00199,circle stickers for labelling,office,213-DRW-54,,,,,,,,unverified,2021-08-29,,,legacy-xlsx,,
itm-00200,red autoclave bags,consumable,213-DRW-54,,,,,,,,unverified,2021-08-29,,,legacy-xlsx,,
itm-00201,50mL tubes+ Song Joy wave maker (2 boxes),consumable,213-DRW-55,,,,,,,,unverified,2021-08-29,,,legacy-xlsx,,
itm-00202,Box of Dispensette: missing some parts,other,213-DRW-56,,,,,,,,unverified,2021-08-29,,,legacy-xlsx,,
itm-00203,bunsen burner lighter and 2 bic lighters,other,213-DRW-56,,,,,,,,unverified,2021-08-29,,,legacy-xlsx,,
itm-00204,Digital heater temperature control,other,213-DRW-57,2,,,,,,,unverified,2021-08-29,,,legacy-xlsx,,
itm-00205,Zipties,other,213-DRW-58,,,,,,,,unverified,2021-08-29,,,legacy-xlsx,,
itm-00206,Counter,other,213-DRW-59,6,,,,,,,unverified,2021-08-29,,,legacy-xlsx,,
itm-00207,Clipboard,office,213-DRW-60,5,,,,,,,unverified,2021-08-29,,,legacy-xlsx,,
itm-00208,2 yellow lined note pads,other,213-DRW-60,,,,,,,,unverified,2021-08-29,,,legacy-xlsx,,
itm-00209,autoclave gloves,consumable,213-DRW-61,,,,,,,,unverified,2021-08-29,,,legacy-xlsx,,
itm-00210,PAXgene tissue RNA kit,kit,213-OTH-X01,,,,,,,,unverified,2021-08-29,,,legacy-xlsx,,
itm-00211,PAXgene tissue miRNA kit,kit,213-OTH-X01,,,,,,,,unverified,2021-08-29,,,legacy-xlsx,,
itm-00212,Storage bin with field gear,other,213-OTH-X02,,,,,,,,unverified,2021-08-29,,Goetz,legacy-xlsx,,
itm-00213,Satellite tag and pipette tips,equipment,213-BIN-X01,,,,,,,,unverified,2021-08-29,,Goetz,legacy-xlsx,,
itm-00214,Satellite tags,equipment,213-BIN-X02,,,,,,,,unverified,2021-08-29,,Goetz,legacy-xlsx,,
itm-00215,unspecified contents,other,213-BIN-X03,,,,,,,,unverified,2021-08-29,,Goetz,legacy-xlsx,,
itm-00216,unspecified contents,other,213-BIN-X04,,,,,,,,unverified,2021-08-29,,Goetz,legacy-xlsx,,
itm-00217,Gloves,consumable,213-BIN-X05,,,,,,,,unverified,2021-08-29,,,legacy-xlsx,,
itm-00218,pipette tips,consumable,213-BIN-X05,,,,,,,,unverified,2021-08-29,,,legacy-xlsx,,
itm-00219,etc,other,213-BIN-X05,,,,,,,,unverified,2021-08-29,,,legacy-xlsx,,
itm-00220,Aluminum foil,consumable,213-SH-S02,,,,,,,,unverified,2021-08-29,,,legacy-xlsx,,
itm-00221,kimtech wipes,consumable,213-SH-S02,,,,,,,,unverified,2021-08-29,,,legacy-xlsx,,
itm-00222,nitrile gloves,consumable,213-SH-S02,,,,,,,,unverified,2021-08-29,,,legacy-xlsx,,
itm-00223,Resin tube vacuum manifold,equipment,213-SH-S03,,,,,,,,unverified,2021-08-29,,,legacy-xlsx,,
itm-00224,BCS plates,sample,213-BIN-X06,,,,,,,,unverified,2021-08-29,,,legacy-xlsx,,
itm-00225,BCS plates,sample,213-BIN-X07,,,,,,,,unverified,2021-08-29,,,legacy-xlsx,,
itm-00226,BCS plates and samples in 100% ethanol,sample,213-BIN-X08,,,,,,,,unverified,2021-08-29,,,legacy-xlsx,,
itm-00227,BCS plates and samples in 100% ethanol (on top: cases filled with histology slides),sample,213-BIN-X09,,,,,,,,unverified,2021-08-29,,,legacy-xlsx,,
itm-00228,unknown (couldn't reach them),other,213-BIN-X10,,,,,,,,unverified,2021-08-29,,,legacy-xlsx,,
itm-00229,unknown (couldn't reach them),other,213-BIN-X11,,,,,,,,unverified,2021-08-29,,,legacy-xlsx,,
itm-00230,unknown (couldn't reach them),other,213-BIN-X12,,,,,,,,unverified,2021-08-29,,,legacy-xlsx,,
itm-00231,Pipette tips and misc. samples,sample,213-CAB-X01,,,,,,,,unverified,2021-08-29,,,legacy-xlsx,,
itm-00232,Big buckets,other,M80-SH-X01,,,,,,,,unverified,2021-08-29,,,legacy-xlsx,,
itm-00233,large water containers with taps,consumable,M80-SH-X01,,,,,,,,unverified,2021-08-29,,,legacy-xlsx,,
itm-00234,large coolers,other,M80-SH-X01,,,,,,,,unverified,2021-08-29,,,legacy-xlsx,,
itm-00235,shellfish nets/bags,consumable,M80-SH-X01,,,,,,,,unverified,2021-08-29,,,legacy-xlsx,,
itm-00236,Metal trays for boxes to put in -80˚,consumable,M80-SH-X02,,,,,,,,unverified,2021-08-29,,,legacy-xlsx,,
itm-00237,"Misc. cables, computer mice, web cam, CDR, DVD, speakers, Mac Mini, external drives, backup HDD for OWL, smart switch, heat lamp",equipment,230-SH-X01,,,,,,,,unverified,2021-08-29,,,legacy-xlsx,,
itm-00238,"Assorted teas, tupperware, reusable shopping bags, extension cords",consumable,230-SH-X02,,,,,,,,unverified,2021-08-29,,,legacy-xlsx,,
itm-00239,Methylflash Global DNA Methylation (5-mC) ELISA Easy Kit (colorimetric) 4C,kit,209-FRIDGE-S01,,,,,,2018-09-27,,unverified,2021-08-29,,,legacy-xlsx,,
itm-00240,Diluted Samples I.A.T,sample,209-FRIDGE-S01,,,,,,2020-11-25,,unverified,2021-08-29,,,legacy-xlsx,,
itm-00241,MinElute Spin Columnns (50),other,209-FRIDGE-S01,,,,,,2013-07-25,,unverified,2021-08-29,,,legacy-xlsx,,
itm-00242,Calcium Assay Kit,kit,209-FRIDGE-S01,,,,,,2020-11-25,,unverified,2021-08-29,,,legacy-xlsx,,
itm-00243,ProFound c-Myc Tag IP/Co-IP Application Set,other,209-FRIDGE-S01,,,,,,2008-07-08,,unverified,2021-08-29,,,legacy-xlsx,,
itm-00244,DNA C. gigas samples in snap cap tubes (blue tube rack),sample,209-FRIDGE-S01,,,,,,,,unverified,2021-08-29,,,legacy-xlsx,,
itm-00245,DNA C. sikamea samples in snap cap tubes (green and red tube rack),sample,209-FRIDGE-S01,,,,,,,,unverified,2021-08-29,,,legacy-xlsx,,
itm-00246,P5/P7 TRUSEQ in snap cap tubes (orange tube rack),sample,209-FRIDGE-S01,,,,,,,,unverified,2021-08-29,,,legacy-xlsx,,
itm-00247,"Bag labeled ""Shelly"" with sample tubes",consumable,209-FRIDGE-S01,,,,,,2021-10-30,,unverified,2021-08-29,,,legacy-xlsx,,
itm-00248,Flow Cell compatible with MinION and GridION,other,209-FRIDGE-S01,4,,,,,,,unverified,2021-08-29,,,legacy-xlsx,,
itm-00249,MethylMiner Methylated DNA enrichment kit (x5 boxes),kit,209-FRIDGE-S01,,,,,,2019-02-14,,unverified,2021-08-29,,,legacy-xlsx,,
itm-00250,Rneasy MinElute Spin Columns (in plastic grocery bag),consumable,209-FRIDGE-S01,,,,,,,,unverified,2021-08-29,,,legacy-xlsx,,
itm-00251,Coomassie Protein Assay Reagant,reagent,209-FRIDGE-S01,,,,,,2010-08,,unverified,2021-08-29,,,legacy-xlsx,,from FHL
itm-00252,Coomassie Protein Assay Reagant,reagent,209-FRIDGE-S01,,,,,,2009-01-13,,unverified,2021-08-29,,,legacy-xlsx,,
itm-00253,Fisherbrand Regenerated Cellulose Tubular Membrane,other,209-FRIDGE-S01,,,,,,,,unverified,2021-08-29,,,legacy-xlsx,,
itm-00254,BIO-RAD Protein Assay Dye Reagant Concentrate,reagent,209-FRIDGE-S01,,,,,,,,unverified,2021-08-29,,,legacy-xlsx,,
itm-00255,Unknown samples in blue cap BD Falcon tubes,sample,209-FRIDGE-S01,,,,,,,,unverified,2021-08-29,,,legacy-xlsx,,
itm-00256,"RNA samples (in white box labeled ""LOTTERMOS"")",sample,209-FRIDGE-S01,,,,,,,,unverified,2021-08-29,,,legacy-xlsx,,
itm-00257,Colleen Burge Sea Star samples RNA,sample,209-FRIDGE-S01,,,,,,,,unverified,2021-08-29,,,legacy-xlsx,,
itm-00258,Rp cDNA Dave,sample,209-FRIDGE-S02,,,,,,2012-08-07,,unverified,2021-08-29,,,legacy-xlsx,,
itm-00259,Oly larval cDNA Dave,sample,209-FRIDGE-S02,,,,,,2012-07-23,,unverified,2021-08-29,,,legacy-xlsx,,
itm-00260,D3373-02 RNase A,enzyme,209-FRIDGE-S02,,,,,,2015-11-09,,unverified,2021-08-29,,,legacy-xlsx,,
itm-00261,SYPRO Ruby Protein gel stain,reagent,209-FRIDGE-S02,,,,,,2007-12-05,,unverified,2021-08-29,,,legacy-xlsx,,
itm-00262,"Quant-iT RNA Assay Kit, 100 Assays",kit,209-FRIDGE-S02,,,,,,2009-09-18,,unverified,2021-08-29,,,legacy-xlsx,,
itm-00263,FastPlasmid Mini Lysis Solution,reagent,209-FRIDGE-S02,,,,,,,,unverified,2021-08-29,,,legacy-xlsx,,
itm-00264,Scallop Mass Excized Libraries,sample,209-FRIDGE-S02,,,,,,,,unverified,2021-08-29,,,legacy-xlsx,,
itm-00265,"Scallop Stages cDNA Libraries (Set A, Set B, Met A, Met B)",sample,209-FRIDGE-S02,,,,,,,,unverified,2021-08-29,,,legacy-xlsx,,
itm-00266,"Bay Scallop D-Hinge Libraries (D1, D2, etc.)",sample,209-FRIDGE-S02,,,,,,,,unverified,2021-08-29,,,legacy-xlsx,,
itm-00267,"Scallop gonad libraries (FR1+2, FR4)",sample,209-FRIDGE-S02,,,,,,,,unverified,2021-08-29,,,legacy-xlsx,,
itm-00268,EpiTect Spin Columns with Collection Tubes (48) (For Bisulfite kit),kit,209-FRIDGE-S02,,,,,,2009-11-03,,unverified,2021-08-29,,,legacy-xlsx,,
itm-00269,MICROBExpress Bacterial mRNA Purification,other,209-FRIDGE-S02,,,,,,2008-12-10,,unverified,2021-08-29,,,legacy-xlsx,,
itm-00270,EpiTect Spin Columns with Collection Tubes (48),consumable,209-FRIDGE-S02,,,,,,2014-05-15,,unverified,2021-08-29,,,legacy-xlsx,,
itm-00271,RiboMinus Eukaryote Kit for RNA-Seq,kit,209-FRIDGE-S02,,,,,,2009-10-27,,unverified,2021-08-29,,,legacy-xlsx,,
itm-00272,Ni-NTA Magnetic Agarose Beads (6 x 1 ml),equipment,209-FRIDGE-S02,,,,,,,,unverified,2021-08-29,,,legacy-xlsx,,
itm-00273,cDNA Synthesis Kit,kit,209-FRIDGE-S02,,,,,,,,unverified,2021-08-29,,,legacy-xlsx,,
itm-00274,SOLiD ePCR Kit (box 3 of 3),kit,209-FRIDGE-S02,,,,,,2010-04-22,,unverified,2021-08-29,,,legacy-xlsx,,
itm-00275,mRNA Catcher PLUS,other,209-FRIDGE-S02,,,,,,,,unverified,2021-08-29,,,legacy-xlsx,,
itm-00276,High Sensitivity DNA Reagants (For use with the Agilent Bioanalyzer System),reagent,209-FRIDGE-S02,,,,,,2020-11-14,,unverified,2021-08-29,,,legacy-xlsx,,
itm-00277,MicroPoly(A)Purist,other,209-FRIDGE-S02,,,,,,2011-02-09,,unverified,2021-08-29,,,legacy-xlsx,,
itm-00278,MQ Binding Beads,reagent,209-FRIDGE-S03,,,,,,2015-01-16,,unverified,2021-08-29,,,legacy-xlsx,,
itm-00279,DIthiothreitol (DTT),other,209-FRIDGE-S03,,,,,,,,unverified,2021-08-29,,,legacy-xlsx,,
itm-00280,Tris(2-carboxyethyl)phosphine hydrochloride,reagent,209-FRIDGE-S03,,,,,,,,unverified,2021-08-29,,,legacy-xlsx,,
itm-00281,ZOOM Carrier Ampholytes 3-10,other,209-FRIDGE-S03,,,,,,2008-09-19,,unverified,2021-08-29,,,legacy-xlsx,,
itm-00282,TRIzol LS Reagant (100 ml),reagent,209-FRIDGE-S03,,,,,,2018-12-18,,unverified,2021-08-29,,,legacy-xlsx,,
itm-00283,CellLytic MT Mammalian Tissue Lysis/ Extraction Reagant + Protease Incubator Cocktail,sample,209-FRIDGE-S03,,,,,,2009-04-24,,unverified,2021-08-29,,,legacy-xlsx,,
itm-00284,BAN-Phase Separation Reagant: 4-Bromoanisole,reagent,209-FRIDGE-S03,,,,,,2008-03-20,,unverified,2021-08-29,,,legacy-xlsx,,
itm-00285,10X Wash Buffer (28 mL),reagent,209-FRIDGE-S03,,,,,,2017-04-04,,unverified,2021-08-29,,,legacy-xlsx,,
itm-00286,5X Bind/Wash Buffer (5 ml),reagent,209-FRIDGE-S03,,,,,,,,unverified,2021-08-29,,,legacy-xlsx,,
itm-00287,TRI Reagant,reagent,209-FRIDGE-S03,,,,,,2018-08-07,,unverified,2021-08-29,,,legacy-xlsx,,
itm-00288,DIthiothreitol (DTT),other,209-FRIDGE-S03,,,,,,,,unverified,2021-08-29,,,legacy-xlsx,,
itm-00289,Iodoacetamide,other,209-FRIDGE-S03,,,,,,2016-11-23,,unverified,2021-08-29,,,legacy-xlsx,,
itm-00290,8-well Assay Strips,consumable,209-FRIDGE-S03,,,,,,,,unverified,2021-08-29,,,legacy-xlsx,,
itm-00291,TRI Reagant Solution,reagent,209-FRIDGE-S03,,,,,,2016-09-20,,unverified,2021-08-29,,,legacy-xlsx,,
itm-00292,invitrogen Qubit 1X dsDNA HS Assay Kit,kit,209-FRIDGE-S03,,,,,,2018-04-10,,unverified,2021-08-29,,,legacy-xlsx,,
itm-00293,"invitrogen Qubit dsDNA BR Assay Kit, 100 Assays",kit,209-FRIDGE-S03,,,,,,2017-05-05,,unverified,2021-08-29,,,legacy-xlsx,,
itm-00294,EpiGentek Developer Solution,reagent,209-FRIDGE-S03,,,,,,2017-04-04,,unverified,2021-08-29,,,legacy-xlsx,,
itm-00295,EpiGentek Developer Solution,reagent,209-FRIDGE-S03,,,,,,2014-11-04,,unverified,2021-08-29,,,legacy-xlsx,,
itm-00296,invitrogen Low-Salt Elution Buffer (50 ml),reagent,209-FRIDGE-S03,,,,,,,,unverified,2021-08-29,,,legacy-xlsx,,
itm-00297,Glocogen from oyster,other,209-FRIDGE-S03,,,,,,2013-10-07,,unverified,2021-08-29,,,legacy-xlsx,,
itm-00298,Polyacryl Carrier,other,209-FRIDGE-S03,,,,,,2008-07-21,,unverified,2021-08-29,,,legacy-xlsx,,
itm-00299,Fisher BioReagants Phenol/Chloroform/isoamyl Alcohol pH 6.7 +/- 0.2 (100 ml),reagent,209-FRIDGE-S03,,,,,,2009-06-15,,unverified,2021-08-29,,,legacy-xlsx,,
itm-00300,TRI Reagant (in foil-wrapped tube),consumable,209-FRIDGE-S03,,,,,,,,unverified,2021-08-29,,,legacy-xlsx,,
itm-00301,10X Wash Buffer (14 ml),reagent,209-FRIDGE-S03,,,,,,2014-11-04,,unverified,2021-08-29,,,legacy-xlsx,,
itm-00302,Agencourt Ampure XP,other,209-FRIDGE-S03,,,,,,2015-07-16,,unverified,2021-08-29,,,legacy-xlsx,,
itm-00303,invitrogen TRI Reagant Solution (n silver bag),consumable,209-FRIDGE-S03,,,,,,2016-09-20,,unverified,2021-08-29,,,legacy-xlsx,,
itm-00304,RNase-Free DNase Set (1500 Kunitz units),enzyme,209-FRIDGE-S03,,,,,,2017-06-29,,unverified,2021-08-29,,,legacy-xlsx,,
itm-00305,RNAzol RT - expired!?,reagent,209-FRIDGE-S03,,,,,,2016-11-14,,unverified,2021-08-29,,,legacy-xlsx,,
itm-00306,AMPure XP (Dungeness Crab Only),other,209-FRIDGE-S03,,,,,,2020-08-03,,unverified,2021-08-29,,,legacy-xlsx,,
itm-00307,"Copper (II) nitrate hydrate, 99.999%",other,209-FRIDGE-S03,,,,,,2010-02-18,,unverified,2021-08-29,,,legacy-xlsx,,
itm-00308,"Shellfish Diet - expired!? typically only good for 6 months, cannot be frozen",other,209-FRIDGE-S03,,,,,,2018-12-13,,unverified,2021-08-29,,,legacy-xlsx,,
itm-00309,Buffer P1 Resuspension buffer (20ml),reagent,209-FRIDGE-S03,,,,,,2013-08-19,,unverified,2021-08-29,,,legacy-xlsx,,
itm-00310,"Qubit RNA HS Assay Kit, 500 assays",kit,209-FRIDGE-S03,,,,,,2019-03-19,,unverified,2021-08-29,,,legacy-xlsx,,
itm-00311,"Qubit RNA HS Assay Kit, 500 assays",kit,209-FRIDGE-S03,,,,,,2013-09-01,,unverified,2021-08-29,,,legacy-xlsx,,
itm-00312,"Qubit RNA HS Assay Kit, 500 assays",kit,209-FRIDGE-S03,,,,,,2019-04-12,,unverified,2021-08-29,,,legacy-xlsx,,
itm-00313,MethylMiner Methylated DNA enrichment kit (x5 boxes in yellow bag),kit,209-FRIDGE-S03,,,,,,2020-12-18,,unverified,2021-08-29,,,legacy-xlsx,,
itm-00314,MethylMiner Methylated DNA enrichment kit (x2 boxes in CRAB ONLY yellow bag),kit,209-FRIDGE-S03,,,,,,2020-02-21,,unverified,2021-08-29,,,legacy-xlsx,,
itm-00315,MethylMiner Methylated DNA enrichment kit (x8 boxes in clear bag),kit,209-FRIDGE-S03,,,,,,2020-12-11,,unverified,2021-08-29,,,legacy-xlsx,,
itm-00316,RNase-Free DNase Set (1500 Kunitz units),enzyme,209-FRIDGE-S03,,,,,,2020-11-06,,unverified,2021-08-29,,,legacy-xlsx,,
itm-00317,"Purification Module with Magnetic Beads, 200 rxn",equipment,209-FRIDGE-S03,,,,,,2019-08-09,,unverified,2021-08-29,,,legacy-xlsx,,
itm-00318,MethylMiner Methylated DNA enrichment kit,kit,209-FRIDGE-S03,,,,,,2020-10-28,,unverified,2021-08-29,,,legacy-xlsx,,
itm-00319,PAXgene RNA MinElute Spin Columns (x5 sheets),consumable,209-FRIDGE-S03,,,,,,,,unverified,2021-08-29,,,legacy-xlsx,,
itm-00320,TruSeq Stranded mRNA HT Kit,kit,209-FRIDGE-S03,,,,,,2016-08-24,,unverified,2021-08-29,,,legacy-xlsx,,
itm-00321,April 2019 Salmon Skin samples from Christian Strigg,sample,209-FRIDGE-S04,,,,,,,,unverified,2021-08-29,,,legacy-xlsx,,
itm-00322,Stress Exp Gel Bands,other,209-FRIDGE-S04,,,,,,2010-06-01,,unverified,2021-08-29,,JH,legacy-xlsx,,
itm-00323,RNAzol RT - expired!?,reagent,209-FRIDGE-S04,,,,,,2017-11-30,,unverified,2021-08-29,,,legacy-xlsx,,
itm-00324,4x Solubilization buffer (pH 7.9),reagent,209-FRIDGE-S04,,,,,,2008-10-29,,unverified,2021-08-29,,SJW,legacy-xlsx,,
itm-00325,Formamide (500 ml),other,209-FRIDGE-S04,,,,,,2007-02-01,,unverified,2021-08-29,,,legacy-xlsx,,
itm-00326,Phenol: Chloroform Saturated Solution + Buffer (pH ~8.0),reagent,209-FRIDGE-S04,,,,,,2008-03-13,,unverified,2021-08-29,,,legacy-xlsx,,
itm-00327,Dulbecco's Modified Eagle's Medium/Nutrient Mixture F-12 Ham,media,209-FRIDGE-S04,,,,,,2007-12-04,,unverified,2021-08-29,,,legacy-xlsx,,
itm-00328,Phenol loose crystals,other,209-FRIDGE-S04,,,,,,2013-10-10,,unverified,2021-08-29,,,legacy-xlsx,,
itm-00329,Diethyl pyrocarbonate approx. 97% NMR,other,209-FRIDGE-S04,,,,,,2008-07-18,,unverified,2021-08-29,,,legacy-xlsx,,
itm-00330,RNAzol RT - expired!?,reagent,209-FRIDGE-S04,,,,,,2015-05-06,,unverified,2021-08-29,,,legacy-xlsx,,
itm-00331,"RNAzol RT (x3, 100 ml bottles)",glassware,209-FRIDGE-S04,,,,,,2021-09-03,,unverified,2021-08-29,,,legacy-xlsx,,
itm-00332,Ethidium Bromide (10 mg/mL),other,209-FRIDGE-S04,,,,,,2007-08-17,,unverified,2021-08-29,,,legacy-xlsx,,
itm-00333,"Phenol: Chloroform, pH 6.7/8/0",other,209-FRIDGE-S04,,,,,,2007-07-31,,unverified,2021-08-29,,,legacy-xlsx,,
itm-00334,Jay - Coral samples,sample,209-FRIDGE-S04,,,,,,,,unverified,2021-08-29,,,legacy-xlsx,,
itm-00335,Hydrogen Peroxide,other,209-FRIDGE-S04,,,,,,2008-08-19,,unverified,2021-08-29,,,legacy-xlsx,,
itm-00336,C. gigas tissue in ethanol (Yaamini V.),sample,209-FRIDGE-S04,,,,,,2017-02-04,,unverified,2021-08-29,,,legacy-xlsx,,
itm-00337,Olympia oyster tissue in ethanol (Laura Spencer),sample,209-FRIDGE-S04,,,,,,2017-02-04,,unverified,2021-08-29,,,legacy-xlsx,,
itm-00338,Manchester Sampling,other,209-FRIDGE-S04,,,,,,2017-02-04,,unverified,2021-08-29,,,legacy-xlsx,,
itm-00339,17x-Ethynylestradiol,other,209-FRIDGE-S04,,,,,,,,unverified,2021-08-29,,,legacy-xlsx,,
itm-00340,"invitrogen Qubit dsDNA BR Assay Kit, 100 Assays",kit,209-FRIDGE-S04,,,,,,2017-11-20,,unverified,2021-08-29,,,legacy-xlsx,,
itm-00341,"molecular probes Qubit RNA HS Assay Kit, 100 Assays",kit,209-FRIDGE-S04,,,,,,2015-11-25,,unverified,2021-08-29,,,legacy-xlsx,,
itm-00342,"molecular probes Qubit Protein Assay Kit, 100 Assays",kit,209-FRIDGE-S04,,,,,,2015-11-25,,unverified,2021-08-29,,,legacy-xlsx,,
itm-00343,"tubes in purple tube rack (labeled DH, HT, MG1, MG2, TF)",consumable,209-FRIDGE-S04,,,,,,2015-10-20,,unverified,2021-08-29,,,legacy-xlsx,,
itm-00344,SEI buffer - 500mL SJW,reagent,209-FRIDGE-S04,,,,,,2024-03-12,,unverified,2021-08-29,,,legacy-xlsx,,
itm-00345,Epiquick Medip Ultra,other,209-FRIDGE-S05,,,,,,2019-01-25,,unverified,2021-08-29,,,legacy-xlsx,,
itm-00346,M. Clark's samples,sample,209-FRIDGE-S05,,,,,,,,unverified,2021-08-29,,,legacy-xlsx,,
itm-00347,RNAzol RT - expired!?,reagent,209-FRIDGE-S05,,,,,,2015-11-20,,unverified,2021-08-29,,,legacy-xlsx,,
itm-00348,Oly histology cassettes,consumable,209-FRIDGE-S05,,,,,,,,unverified,2021-08-29,,,legacy-xlsx,,
itm-00349,PAxgene DNA Mini Spin Columns,consumable,209-FRIDGE-S05,,,,,,,,unverified,2021-08-29,,,legacy-xlsx,,
itm-00350,Trichloroacetic acid,reagent,209-FRIDGE-S05,,,,,,2016-07-07,,unverified,2021-08-29,,,legacy-xlsx,,
itm-00351,RiboPure,other,209-FRIDGE-S05,,,,,,,,unverified,2021-08-29,,Blood,legacy-xlsx,,
itm-00352,Unknown samples in blue cap BD Falcon tubes,sample,209-FRIDGE-S05,,,,,,,,unverified,2021-08-29,,,legacy-xlsx,,
itm-00353,"TRI Reagant in foil-wrapped tube, PicoBlue immunoscreening kit, LumiGLO Chemiluminescent Substrate A, LumiGLO Chemiluminescent Substrate B, ImmunoPure Immobilized Protein A , Electrophoresis Purity Reagant, horseradish peroxidase antibodies from donkey, Chitin beads, SC Spin Columns 2/pack, Piperazine Diacrylamide, ProBond Resin (12 mL)",kit,209-FRIDGE-S05,2,,,,,,,unverified,2021-08-29,,,legacy-xlsx,,"Very likely all expired; In cardboard box labeled ""HOLD"""
itm-00354,SEI buffer - 1L,reagent,209-FRIDGE-S05,,,,,,2021-09-13,,unverified,2021-08-29,,,legacy-xlsx,,
itm-00355,mngeorge@uw.edu,other,209-FRIDGE-S05,,,,,,2021-09-13,,unverified,2021-08-29,,,legacy-xlsx,,
itm-00356,MSTN Virus samples,sample,209-FRIDGE-DOOR-SHELF-1,,,,,,2006,,unverified,2021-08-29,,,legacy-xlsx,,
itm-00357,poly(I:C),other,209-FRIDGE-DOOR-SHELF-1,,,,,,2026-06-02,,unverified,2021-08-29,,,legacy-xlsx,,
itm-00358,Stratagene,other,209-FRIDGE-DOOR-SHELF-1,,,,,,,,unverified,2021-08-29,,,legacy-xlsx,,
itm-00359,Coomassie (foil wrapped tube),consumable,209-FRIDGE-DOOR-SHELF-1,,,,,,,,unverified,2021-08-29,,,legacy-xlsx,,
itm-00360,Sterile sea water,reagent,209-FRIDGE-DOOR-SHELF-1,,,,,,2008-07-16,,unverified,2021-08-29,,,legacy-xlsx,,
itm-00361,Buffer P1 Resuspension Buffer,reagent,209-FRIDGE-DOOR-SHELF-1,,,,,,2011-04-04,,unverified,2021-08-29,,,legacy-xlsx,,
itm-00362,Buffer P1 Resuspension Buffer,reagent,209-FRIDGE-DOOR-SHELF-1,,,,,,2012-07-23,,unverified,2021-08-29,,,legacy-xlsx,,
itm-00363,Full Velocity SYBR Green Mix (foil wrapped tube),consumable,209-FRIDGE-DOOR-SHELF-1,,,,,,,,unverified,2021-08-29,,,legacy-xlsx,,
itm-00364,10% Chelex,other,209-FRIDGE-DOOR-SHELF-1,,,,,,2015-02-25,,unverified,2021-08-29,,,legacy-xlsx,,
itm-00365,10 mM Mg SO4*7H2,other,209-FRIDGE-DOOR-SHELF-1,,,,,,2008-05-10,,unverified,2021-08-29,,,legacy-xlsx,,
itm-00366,Serotonin hydrochloride,other,209-FRIDGE-DOOR-SHELF-1,,,,,,,,unverified,2021-08-29,,,legacy-xlsx,,
itm-00367,"Serotonin creatinine sulfate monohydrate, 99%",other,209-FRIDGE-DOOR-SHELF-1,,,,,,,,unverified,2021-08-29,,,legacy-xlsx,,
itm-00368,1 M MgSO4*7H2O sterile filtered,other,209-FRIDGE-DOOR-SHELF-1,,,,,,2008-05-08,,unverified,2021-08-29,,,legacy-xlsx,,
itm-00369,Jake's PCR product,other,209-FRIDGE-DOOR-SHELF-1,,,,,,,,unverified,2021-08-29,,,legacy-xlsx,,
itm-00370,"NuPage 10 mL bottles (LDS sample buffer, Sample reducing agent, TBE-Urea sample buffer, antioxidant)",sample,209-FRIDGE-DOOR-SHELF-2,,,,,,2008,,unverified,2021-08-29,,,legacy-xlsx,,
itm-00371,"Benzamidine hydrochloride hydrate, minimum 98%",other,209-FRIDGE-DOOR-SHELF-2,,,,,,,,unverified,2021-08-29,,,legacy-xlsx,,
itm-00372,10x DNA Loading buffer,reagent,209-FRIDGE-DOOR-SHELF-2,,,,,,2008-11-26,,unverified,2021-08-29,,,legacy-xlsx,,
itm-00373,Iodine + Potassium Iodide solution gylocgen assay,reagent,209-FRIDGE-DOOR-SHELF-2,,,,,,2013-12-10,,unverified,2021-08-29,,,legacy-xlsx,,
itm-00374,Saturated calcium chloride + iodine | potassium iodide glycogen assay,reagent,209-FRIDGE-DOOR-SHELF-2,,,,,,2013-12-10,,unverified,2021-08-29,,,legacy-xlsx,,
itm-00375,Histo blocks: oyster gonad (LS),other,209-FRIDGE-DOOR-SHELF-2,,,,,,2018-06-22,,unverified,2021-08-29,,,legacy-xlsx,,
itm-00376,PAX gene DNA Mini Spin Columns (x4 sheets),consumable,209-FRIDGE-DOOR-SHELF-2,,,,,,,,unverified,2021-08-29,,,legacy-xlsx,,
itm-00377,2x Sso Fast Aliquots,sample,209-FRIDGE-DOOR-SHELF-3,,,,,,,,unverified,2021-08-29,,,legacy-xlsx,,
itm-00378,"Protein - Antibodies, ladder, reducing agent, samples",antibody,209-FRIDGE-DOOR-SHELF-3,,,,,,2005-06-27,,unverified,2021-08-29,,,legacy-xlsx,,
itm-00379,"Gel loading supplies (ladders, loading dyes, etc.)",reagent,209-FRIDGE-DOOR-SHELF-3,,,,,,,,unverified,2021-08-29,,,legacy-xlsx,,
itm-00380,Ethidium Bromide,other,209-FRIDGE-DOOR-SHELF-3,,,,,,,,unverified,2021-08-29,,,legacy-xlsx,,
itm-00381,0.2 mM filtered seawater,other,209-FRIDGE-DOOR-SHELF-4,,,,,,2012-05-14,,unverified,2021-08-29,,,legacy-xlsx,,
itm-00382,NZY Broth,media,209-FRIDGE-DOOR-SHELF-4,,,,,,2008-05-18,,unverified,2021-08-29,,,legacy-xlsx,,
itm-00383,C. bairdi DNA in Zymo-Spin IC-XM Column from Zymo Quick Prep,consumable,209-FRIDGE-DOOR-SHELF-4,,,,,,2020-01-27,,unverified,2021-08-29,,,legacy-xlsx,,
itm-00384,Ice pack,other,209-FRIDGE-DOOR-SHELF-4,,,,,,,,unverified,2021-08-29,,,legacy-xlsx,,
itm-00385,Unknown samples in blue cap BD Falcon tubes,sample,209-FRIDGE-DOOR-SHELF-5,,,,,,,,unverified,2021-08-29,,,legacy-xlsx,,
itm-00386,Benchtop Protectors,consumable,209-SHELF-S01,,,,,,,,unverified,2021-08-29,,,legacy-xlsx,,
itm-00387,Sterile TechniSat wipes,consumable,209-SHELF-S01,,,,,,,,unverified,2021-08-29,,,legacy-xlsx,,
itm-00388,15 mL tube storage boxes,consumable,209-SHELF-S01,,,,,,,,unverified,2021-08-29,,,legacy-xlsx,,
itm-00389,Variety of tube storage boxes,consumable,209-SHELF-S02,,,,,,,,unverified,2021-08-29,,,legacy-xlsx,,
itm-00390,"Microcentrifuge tubes, conical screw top tubes, screw caps, assorted microtubes",equipment,209-SHELF-S03,,,,,,,,unverified,2021-08-29,,,legacy-xlsx,,
itm-00391,Aluminum foil,consumable,209-SHELF-S03,,,,,,,,unverified,2021-08-29,,,legacy-xlsx,,
itm-00392,Plastic wrap,consumable,209-SHELF-S03,,,,,,,,unverified,2021-08-29,,,legacy-xlsx,,
itm-00393,Conical centrifuge tubes,equipment,209-SHELF-S04,,,,,,,,unverified,2021-08-29,,,legacy-xlsx,,
itm-00394,Glass tubes,consumable,209-SHELF-S04,,,,,,,,unverified,2021-08-29,,,legacy-xlsx,,
itm-00395,Cylindrical sponges,other,209-SHELF-S04,,,,,,,,unverified,2021-08-29,,,legacy-xlsx,,
itm-00396,1.7 mL syringes,consumable,209-SHELF-S05,,,,,,,,unverified,2021-08-29,,,legacy-xlsx,,
itm-00397,10 mL syringes,consumable,209-SHELF-S05,,,,,,,,unverified,2021-08-29,,,legacy-xlsx,,
itm-00398,20 mL syringes,consumable,209-SHELF-S05,,,,,,,,unverified,2021-08-29,,,legacy-xlsx,,
itm-00399,Tissue culture plates,consumable,209-SHELF-S05,3,,,,,,,unverified,2021-08-29,,,legacy-xlsx,,
itm-00400,100 x 15 mm petri dishes,glassware,209-SHELF-S05,,,,,,,,unverified,2021-08-29,,,legacy-xlsx,,
itm-00401,UV lightbulb,equipment,213-SHELF-S01,,,,,,,,unverified,2021-08-29,,,legacy-xlsx,,
itm-00402,Sterile filter units,consumable,213-SHELF-S01,,,,,,,,unverified,2021-08-29,,,legacy-xlsx,,
itm-00403,Storage containers (empty),consumable,213-SHELF-S01,,,,,,,,unverified,2021-08-29,,,legacy-xlsx,,In cardboard box
itm-00404,ZR-Duet DNA/RNA microprep,kit,213-SHELF-S01,,,,,,2020-12-01,,unverified,2021-08-29,,,legacy-xlsx,,
itm-00405,ZR-Duet DNA/RNA microprep,kit,213-SHELF-S01,,,,,,2020-12-19,,unverified,2021-08-29,,,legacy-xlsx,,
itm-00406,Extra zymo-spin columns,consumable,213-SHELF-S01,,,,,,,,unverified,2021-08-29,,,legacy-xlsx,,In ZR-Duet DNA/RNA microprep box at the back
itm-00407,Plastic containers with lids,consumable,213-SHELF-S01,,,,,,,,unverified,2021-08-29,,,legacy-xlsx,,Resemble large to-go salad dressing containers
itm-00408,DNeasy Powersoil kit (50),kit,213-SHELF-S02,,,,,,2019-01-20,,unverified,2021-08-29,,,legacy-xlsx,,
itm-00409,EpiTect Bisulfite Kit (48),kit,213-SHELF-S02,,,,,,2014-05-15,,unverified,2021-08-29,,,legacy-xlsx,,"MinElute DNA spin columns, Buffer BD, and DNA Protect Buffer at 2-8°C"
itm-00410,DNeasy blood & tissue kit (50),kit,213-SHELF-S02,,,,,,2016-08-15,,unverified,2021-08-29,,,legacy-xlsx,,
itm-00411,EZ DNA methylation-Gold kit (50),kit,213-SHELF-S02,,,,,,2010-08-15,,unverified,2021-08-29,,,legacy-xlsx,,
itm-00412,MehylFlash global DNA methylation ELISA Easy Kit,kit,213-SHELF-S02,,,,,,2018-09-27,,unverified,2021-08-29,,,legacy-xlsx,,
itm-00413,MehylFlash global DNA methylation ELISA Easy Kit,kit,213-SHELF-S02,,,,,,2019-02-05,,unverified,2021-08-29,,,legacy-xlsx,,
itm-00414,EpiQuik MeDIP Ultra kit,kit,213-SHELF-S02,,,,,,2019-01-25,,unverified,2021-08-29,,,legacy-xlsx,,
itm-00415,MethylFlash methylated DNA quantification kit,kit,213-SHELF-S02,,,,,,2014-11-04,,unverified,2021-08-29,,,legacy-xlsx,,"Developer and 10x Wash Buffer @ 4˚C; Control DNA, Antibody, and Enhancer @ -20˚C"
itm-00416,Methylamp DNA modification kit,kit,213-SHELF-S02,,,,,,2015-01-16,,unverified,2021-08-29,,,legacy-xlsx,,
itm-00417,Methylamp DNA modification kit,kit,213-SHELF-S02,,,,,,2014-11-04,,unverified,2021-08-29,,,legacy-xlsx,,
itm-00418,DNA Chips,consumable,213-SHELF-S02,,,,,,2015-10-28,,unverified,2021-08-29,,,legacy-xlsx,,
itm-00419,High Sensitivity DNA Chips,consumable,213-SHELF-S02,,,,,,2020-11-14,,unverified,2021-08-29,,,legacy-xlsx,,
itm-00420,RNA Pico chips,consumable,213-SHELF-S02,,,,,,2018-01-04,,unverified,2021-08-29,,,legacy-xlsx,,
itm-00421,RNA Pico chips,consumable,213-SHELF-S02,,,,,,2019-11-01,,unverified,2021-08-29,,,legacy-xlsx,,
itm-00422,Kit instructions,office,213-SHELF-S02,,,,,,,,unverified,2021-08-29,,,legacy-xlsx,,
itm-00423,Mini compostion (partly filled out),other,213-SHELF-S02,,,,,,,,unverified,2021-08-29,,,legacy-xlsx,,
itm-00424,Syringes and safe-lock tubes,consumable,213-SHELF-S02,,,,,,,,unverified,2021-08-29,,,legacy-xlsx,,
itm-00425,RNeasy Plus Micro kit (50),kit,213-SHELF-S03,,,,,,2019-03-22,,unverified,2021-08-29,,,legacy-xlsx,,
itm-00426,Direct-zol RNA MiniPrep Kit,kit,213-SHELF-S03,,,,,,2014-04-15,,unverified,2021-08-29,,,legacy-xlsx,,DNAse 1 @ -20˚C
itm-00427,Urine Collection Kit,kit,213-SHELF-S03,,,,,,,,unverified,2021-08-29,,,legacy-xlsx,,
itm-00428,PAXgene tissue DNA kit (50),kit,213-SHELF-S03,,,,,,2018-07-27,,unverified,2021-08-29,,,legacy-xlsx,,
itm-00429,PAXgene tissue RNA kit (50),kit,213-SHELF-S03,,,,,,2017-06-29,,unverified,2021-08-29,,,legacy-xlsx,,
itm-00430,BCA Protein kit,kit,213-SHELF-S03,,,,,,2016-11-16,,unverified,2021-08-29,,,legacy-xlsx,,
itm-00431,Qproteome FFPE tissue kit (20),kit,213-SHELF-S03,2,,,,,2015-01-17,,unverified,2021-08-29,,,legacy-xlsx,,
itm-00432,QIAamp DNA stool mini kit (50),kit,213-SHELF-S04,,,,,,2008-01-23,,unverified,2021-08-29,,,legacy-xlsx,,
itm-00433,DNeasy 96 blood & tissue kit (4),kit,213-SHELF-S04,,,,,,2014-10-09,,unverified,2021-08-29,,,legacy-xlsx,,
itm-00434,ZR Fecal DNA MiniPrep kit,kit,213-SHELF-S04,,,,,,2014-05-05,,unverified,2021-08-29,,,legacy-xlsx,,
itm-00435,QIAquick PCR purification kit (50),kit,213-SHELF-S04,,,,,,2015-08-11,,unverified,2021-08-29,,,legacy-xlsx,,
itm-00436,Pico methyl-seq library prep kit,kit,213-SHELF-S04,,,,,,2019-05-10,,unverified,2021-08-29,,,legacy-xlsx,,
itm-00437,QIAprep spin miniprep kit (50),kit,213-SHELF-S04,,,,,,,,unverified,2021-08-29,,,legacy-xlsx,,n.d.
itm-00438,DNeasy blood & tissue kit (50),kit,213-SHELF-S04,,,,,,2018-04-04,,unverified,2021-08-29,,,legacy-xlsx,,
itm-00439,Extra Omega EZNA supplies,other,213-SHELF-S04,,,,,,,,unverified,2021-08-29,,,legacy-xlsx,,(1) HiBind DNA spin columns (2) Collection tubes
itm-00440,RNeasy Plus Micro kit (50),kit,213-SHELF-S05,,,,,,2018-08-06,,unverified,2021-08-29,,,legacy-xlsx,,
itm-00441,RNeasy Plus Micro kit (50),kit,213-SHELF-S05,,,,,,2018-11-26,,unverified,2021-08-29,,,legacy-xlsx,,
itm-00442,RNeasy Plus Mini kit (50),kit,213-SHELF-S05,,,,,,2013-12-20,,unverified,2021-08-29,,,legacy-xlsx,,
itm-00443,PAXgene tissue DNA kit (50),kit,213-SHELF-S05,,,,,,2018-02-09,,unverified,2021-08-29,,,legacy-xlsx,,
itm-00444,QIAquick nucleotide removal kit (250),kit,213-SHELF-S05,,,,,,2013-09-04,,unverified,2021-08-29,,,legacy-xlsx,,
itm-00445,RNeasy Plus Micro kit (50),kit,213-SHELF-S05,,,,,,2019-03-22,,unverified,2021-08-29,,,legacy-xlsx,,
itm-00446,RNeasy Plus Micro kit (50),kit,213-SHELF-S05,,,,,,2018-08-13,,unverified,2021-08-29,,,legacy-xlsx,,
itm-00447,RNeasy Plus Micro kit (50),kit,213-SHELF-S05,,,,,,2019-08-22,,unverified,2021-08-29,,,legacy-xlsx,,
itm-00448,RNeasy Plus Micro kit (50),kit,213-SHELF-S05,,,,,,2019-03-20,,unverified,2021-08-29,,,legacy-xlsx,,
itm-00449,QIAshredder (50),other,213-SHELF-S05,,,,,,2018-08-13,,unverified,2021-08-29,,,legacy-xlsx,,
itm-00450,QIAshredder (250),other,213-SHELF-S05,,,,,,2019-03-22,,unverified,2021-08-29,,,legacy-xlsx,,
itm-00451,M-MLV Reverse Transcriptase,enzyme,213-F20-S02-D08,,,,,,,,unverified,2021-08-29,,,legacy-xlsx,,
itm-00452,Oligo(dT)15 Primer,reagent,213-F20-S02-D08,2,,,,,,,unverified,2021-08-29,,,legacy-xlsx,,
itm-00453,dNTP mix,reagent,213-F20-S02-D08,,,,,,,,unverified,2021-08-29,,,legacy-xlsx,,
itm-00454,Actin+ CYP1A,other,213-F20-S02-D08,,,,,,,,unverified,2021-08-29,,,legacy-xlsx,,
itm-00455,Samples in snap cap tubes and cardboard boxes,sample,213-F20-S02-D10,,,,,,,,unverified,2021-08-29,,,legacy-xlsx,,
itm-00456,Oxford Nanopore flow cell priming kit,kit,213-F20-S03-D09,,,,,,2019-11-27,,unverified,2021-08-29,,,legacy-xlsx,,
itm-00457,Oxford Nanopore flow cell wash kit,kit,213-F20-S03-D09,,,,,,2019-11-27,,unverified,2021-08-29,,,legacy-xlsx,,
itm-00458,Oxford Nanopore rapid sequencing kit,kit,213-F20-S03-D09,,,,,,2019-11-27,,unverified,2021-08-29,,,legacy-xlsx,,
itm-00459,Oxford Nanopore control expansion,other,213-F20-S03-D09,,,,,,2019-11-27,,unverified,2021-08-29,,,legacy-xlsx,,
itm-00460,DNAse 1 H2O in 6 uL alignots from Zymo quick prep,enzyme,213-F20-S03-D09,,,,,,2020-01-27,,unverified,2021-08-29,,,legacy-xlsx,,
itm-00461,EpiNext Post Bisulfite DNA library prep kit part 2,kit,213-F20-S03-D09,,,,,,2015-01-16,,unverified,2021-08-29,,,legacy-xlsx,,
itm-00462,EpiNext Post Bisulfite DNA library prep kit part 2,kit,213-F20-S03-D09,,,,,,2014-11-04,,unverified,2021-08-29,,,legacy-xlsx,,
itm-00463,EpiNext Post Bisulfite DNA library prep kit part 1,kit,213-F20-S03-D09,,,,,,2014-11-04,,unverified,2021-08-29,,,legacy-xlsx,,
itm-00464,EpiNext NGS barcode index part 1,other,213-F20-S03-D09,,,,,,2014-11-04,,unverified,2021-08-29,,,legacy-xlsx,,
itm-00465,EpiNext NGS barcode index part 2,other,213-F20-S03-D09,,,,,,2014-11-04,,unverified,2021-08-29,,,legacy-xlsx,,
itm-00466,"unknown labeled ""part 2 of 2""",other,213-F20-S03-D09,,,,,,2014-11-04,,unverified,2021-08-29,,,legacy-xlsx,,
itm-00467,perishable components part 2,other,213-F20-S03-D09,,,,,,2009-09-02,,unverified,2021-08-29,,,legacy-xlsx,,
itm-00468,Thermoscientific GeneRuler High Range DNA ladder,reagent,213-F20-S03-D04,,,,,,2018-11-20,,unverified,2021-08-29,,,legacy-xlsx,,
itm-00469,PCR supplies,other,213-F20-S03-D04,,,,,,,,unverified,2021-08-29,,,legacy-xlsx,,
itm-00470,Reverse transcription supplies,other,213-F20-S03-D04,,,,,,,,unverified,2021-08-29,,,legacy-xlsx,,
itm-00471,Deoxyribonuclease 1,enzyme,213-F20-S03-D04,,,,,,2019-07-02,,unverified,2021-08-29,,,legacy-xlsx,,
itm-00472,Native Bacillus Ilcheniformis Protease (opened 7/27/2021),other,213-F20-S03-D04,,,,,,,,unverified,2021-08-29,,,legacy-xlsx,,
itm-00473,LumiProbe daGreen for real-time PCR,other,213-F20-S03-D04,,,,,,2019-08-30,,unverified,2021-08-29,,,legacy-xlsx,,
itm-00474,Liberase TM research grade,other,213-F20-S03-D04,,,,,,2019-07-02,,unverified,2021-08-29,,,legacy-xlsx,,
itm-00475,MethylMiner Methylated DNA enrichment kit,kit,213-F20-S03-D04,4,,,,,2020-12-17,,unverified,2021-08-29,,,legacy-xlsx,,
itm-00476,SYBR Nucleic acid gel stain,reagent,213-F20-S03-D04,,,,,,2009-09-28,,unverified,2021-08-29,,,legacy-xlsx,,
itm-00477,Penicillin-Streptomycin-amphotericin_B (Fungizone) 100mL x 2,other,213-F20-S04-D05,,,,,,,,unverified,2021-08-29,,,legacy-xlsx,,
itm-00478,Penicillin-Stretomycin solution (100mL),reagent,213-F20-S04-D05,,,,,,,,unverified,2021-08-29,,,legacy-xlsx,,
itm-00479,OmniPur X-GAL,other,213-F20-S04-D05,,,,,,,,unverified,2021-08-29,,,legacy-xlsx,,
itm-00480,Pepstatin A. from microbial source (5mg/mL),other,213-F20-S04-D05,,,,,,2007-08-09,,unverified,2021-08-29,,,legacy-xlsx,,
itm-00481,"Lysosome, from chicken egg white",other,213-F20-S04-D05,,,,,,,,unverified,2021-08-29,,,legacy-xlsx,,
itm-00482,X-propto-GAL (4 mg/mL),other,213-F20-S04-D05,,,,,,2008-11-11,,unverified,2021-08-29,,,legacy-xlsx,,
itm-00483,"Aprotinin, from bovine lung (10 mg/mL)",other,213-F20-S04-D05,,,,,,2007-08-09,,unverified,2021-08-29,,,legacy-xlsx,,
itm-00484,50 mM MgCl,other,213-F20-S04-D05,,,,,,,,unverified,2021-08-29,,,legacy-xlsx,,
itm-00485,platinum qPCR supermix-UDG,other,213-F20-S04-D05,,,,,,,,unverified,2021-08-29,,,legacy-xlsx,,
itm-00486,Leupeptin hemisulfate salt 10.5 mM,reagent,213-F20-S04-D05,,,,,,2007-07-14,,unverified,2021-08-29,,,legacy-xlsx,,
itm-00487,Native Bacillus Ilcheniformis Protease,other,213-F20-S04-D05,,,,,,2020-01-09,,unverified,2021-08-29,,,legacy-xlsx,,
itm-00488,"Nitrogen-flushed 5-Azacytidine, 99% (opened 4/12/2010)",other,213-F20-S04-D05,,,,,,,,unverified,2021-08-29,,,legacy-xlsx,,
itm-00489,"5-Azacytidine, >= 98%",other,213-F20-S04-D05,,,,,,2010-06-07,,unverified,2021-08-29,,,legacy-xlsx,,
itm-00490,Poly-D-lysine hydrobromide,other,213-F20-S04-D05,,,,,,2008-12-11,,unverified,2021-08-29,,,legacy-xlsx,,
itm-00491,Mac gDNA *crab*,sample,213-F20-S04-D06,,,,,,,,unverified,2021-08-29,,,legacy-xlsx,,
itm-00492,2 tubes of samples,sample,213-F20-S04-D06,,,,,,,,unverified,2021-08-29,,,legacy-xlsx,,
itm-00493,"small jar labeled ""sample collected in May 2000""",sample,213-F20-S04-D06,,,,,,,,unverified,2021-08-29,,,legacy-xlsx,,
itm-00494,MethylMiner Methylated DNA enrichment kit *CRAB ONLY* (opened 10/28/2020),kit,213-F20-S04-D06,,,,,,,,unverified,2021-08-29,,,legacy-xlsx,,
itm-00495,CRC 471 gray whale blubber/skin,other,213-F20-S04-D06,,,,,,,,unverified,2021-08-29,,,legacy-xlsx,,
itm-00496,small bag with several small bivalve samples,sample,213-F20-S04-D06,,,,,,,,unverified,2021-08-29,,,legacy-xlsx,,
itm-00497,2-Mercaptoethanol,reagent,213-F20-S04-D07,,,,,,2018-08-06,,unverified,2021-08-29,,,legacy-xlsx,,other dates noted: 2018-08-08; opened
itm-00498,"Misc. samples (crab, geoduck, etc.)",sample,213-F20-S05,,,,,,,,unverified,2021-08-29,,,legacy-xlsx,,
itm-00499,SPUD IPC stock reagants,reagent,213-F20-S05,,,,,,,,unverified,2021-08-29,,,legacy-xlsx,,
itm-00500,Glass bottles,glassware,209-CAB-14,,,,,,,,present,2026-08-06,maddybernstein,,manual,,
